x,y,phenotype,ROIs
0.845151178578008,0.11629921344504579,B,ROIs_1
0.48761685903399554,0.530354067091041,C,ROIs_2
0.25089933124336317,0.1914049430407796,B,ROIs_2
0.7485730617910863,0.8973194909991234,B,ROIs_1
0.19954036048537216,0.08379460136092254,C,ROIs_2
