x,y,phenotype,ROIs
0.855554084027375,0.2643833251662209,B,ROIs_1
0.730804925881122,0.41008757561472853,B,ROIs_1
0.4990191126272778,0.12973420923927592,A,ROIs_2
0.9056465343334776,0.3997613159654835,C,ROIs_2
0.6776744155865945,0.9782887763850203,C,ROIs_1
0.8461968921696059,0.5039649566301441,C,ROIs_2
