x,y,phenotype,ROIs
0.029476439946702904,0.11713214520374793,C,ROIs_2
0.5094204071789374,0.975683452750709,A,ROIs_2
0.3244653972302113,0.4489714050867547,A,ROIs_1
0.26501397312815,0.9609901105327989,C,ROIs_2
0.9377216839263607,0.819422573287917,A,ROIs_2
0.9016119187631444,0.9151470119573747,B,ROIs_2
0.20826674555922176,0.9335520045556189,B,ROIs_2
0.3514528663308564,0.5009308908805552,C,ROIs_1
0.2098739696029026,0.34990619245467347,A,ROIs_1
0.7073635570643746,0.46238582051809796,B,ROIs_2
