x,y,phenotype,ROIs
0.6771365321797942,0.8040685938003708,C,ROIs_2
0.19739875959863484,0.24191870483542077,A,ROIs_2
0.6959046108390382,0.594183102385064,A,ROIs_1
0.33323880515038207,0.15929573893880078,B,ROIs_2
0.014383216013261091,0.6302640309810563,C,ROIs_1
0.45515846808869775,0.33523524911212144,C,ROIs_1
0.7475485584726711,0.18415811902380075,C,ROIs_2
0.401306098698476,0.9433644522587818,A,ROIs_2
0.7391894835760995,0.630697503385027,B,ROIs_2
