x,y,phenotype,ROIs
0.7540331603181747,0.6835474591514105,C,ROIs_2
0.7338176039782502,0.3283161577748701,C,ROIs_1
0.5048773879917008,0.36418172095728174,C,ROIs_2
0.21974230105576553,0.7523195685261453,B,ROIs_1
0.6722035372589626,0.6819514917509726,C,ROIs_1
