x,y,phenotype,ROIs
0.9250359097261464,0.9376329987916254,C,ROIs_2
0.05937315037406887,0.3476769279296055,A,ROIs_2
0.29540813490184603,0.558276360962666,B,ROIs_1
0.96519545895903,0.22856116642401592,A,ROIs_1
0.05641420850862333,0.37173169004984585,C,ROIs_2
0.7214369311183114,0.6989379913742156,B,ROIs_2
0.19557978731204906,0.06239776840826694,C,ROIs_2
0.04449130461083273,0.21037296606580913,B,ROIs_1
0.4943356118417406,0.5958308767722538,A,ROIs_1
0.692027590687184,0.1837782762988358,A,ROIs_1
