x,y,phenotype,ROIs
0.31967975118777836,0.7010058258030201,A,ROIs_2
0.0055923396036298145,0.8058751083857,A,ROIs_1
0.9107704239527274,0.9504430980508644,C,ROIs_1
0.5054745076753362,0.226152078343146,A,ROIs_1
0.90270035306067,0.8297188222401175,A,ROIs_1
0.036447250261473774,0.8805343957098881,A,ROIs_1
0.8725099877877327,0.26786056737736585,B,ROIs_1
0.025658495294835104,0.3629323460976498,C,ROIs_1
0.045563786740035694,0.4807269363586919,A,ROIs_1
0.648917355611127,0.9176826747393604,A,ROIs_2
