x,y,phenotype,ROIs
0.7479408639215183,0.927816203032729,B,ROIs_2
0.20970120416325844,0.9850718904637529,C,ROIs_1
0.7775053434339847,0.7785423969190517,B,ROIs_1
0.3988721537245138,0.05789924833684135,A,ROIs_2
0.6938057659821429,0.26022815293218016,C,ROIs_2
