x,y,phenotype,ROIs
0.876099855812206,0.07236554397261774,C,ROIs_1
0.9109769939621211,0.6880252423637694,B,ROIs_2
0.1802686252542861,0.5147642806278441,C,ROIs_2
0.629584743706957,0.4253612196382395,B,ROIs_1
0.07348301945047131,0.6329392430065828,B,ROIs_1
0.9199117748478287,0.8159684628390457,A,ROIs_1
0.19203194111277078,0.4190266076889666,B,ROIs_2
0.8869879107266674,0.6005348513976646,A,ROIs_1
