x,y,phenotype,ROIs
0.9501339287386001,0.3404221523557517,B,ROIs_2
0.5557750914643453,0.6681988755336701,A,ROIs_1
0.6753642909767512,0.7820878911450314,C,ROIs_1
0.06338212682489752,0.6598899120119089,C,ROIs_2
0.21084680118444932,0.5329744628529526,B,ROIs_2
0.47508590142787177,0.10141422720010684,A,ROIs_1
0.12475715045415992,0.5527066364699839,C,ROIs_1
0.5761016774665318,0.5401802944084517,C,ROIs_2
0.28435385193683715,0.39895065114341366,A,ROIs_1
0.4999618863489035,0.959748079500596,B,ROIs_1
