x,y,phenotype,ROIs
0.3078770454190781,0.3466410778568835,A,ROIs_1
0.504811133346527,0.5238299204347776,B,ROIs_1
0.3906408359206367,0.35003353822086014,B,ROIs_2
0.031113561550207725,0.3279489424467472,B,ROIs_2
0.9628125546344785,0.7771704917919833,B,ROIs_1
0.8688382124853169,0.5047573022970095,C,ROIs_2
0.6035328722629697,0.1277448415860305,C,ROIs_2
0.5790589993474855,0.32687616938999264,C,ROIs_1
0.6951752457001777,0.604642179159857,A,ROIs_2
