x,y,phenotype,ROIs
0.5927954306612333,0.5437973131523128,B,ROIs_2
0.890138246305049,0.9271907799337898,B,ROIs_1
0.24886647747070145,0.6372515249447208,C,ROIs_1
0.6759902246792939,0.20928257755631008,A,ROIs_2
0.12950886488642555,0.0868180256355271,B,ROIs_2
0.9022247829703043,0.6890718926647836,B,ROIs_1
0.4602095152397948,0.7869624250272638,A,ROIs_1
0.5710768814137571,0.1454228639732813,B,ROIs_2
0.3930296914191892,0.7248275179031531,A,ROIs_2
0.6336119442942821,0.4601911448541113,C,ROIs_2
