x,y,phenotype,ROIs
0.07227342642604828,0.4629702311563,C,ROIs_2
0.6951525859599993,0.8815094610306873,B,ROIs_2
0.850901274721486,0.24190168674285484,A,ROIs_2
0.03467358872379622,0.38074690179634196,A,ROIs_1
0.499342952996494,0.5033833523535259,B,ROIs_2
0.7053013947484762,0.7903194306855973,C,ROIs_2
0.6763569311836918,0.8702976219277098,A,ROIs_1
0.9148893900495232,0.383918401832,C,ROIs_1
