x,y,phenotype,ROIs
0.5999138911048929,0.756380231733454,B,ROIs_1
0.31666643507251746,0.02035376696022173,A,ROIs_2
0.4274556430501816,0.28424777472326257,A,ROIs_2
0.582399784102453,0.10103232314466559,A,ROIs_1
0.22191922004663023,0.8218492311405741,C,ROIs_2
