x,y,phenotype,ROIs
0.6085202633592601,0.5093802612903331,B,ROIs_1
0.9720270453860838,0.8490516529492675,B,ROIs_1
0.7453553745560302,0.9465589105596403,C,ROIs_1
0.8239663343270202,0.5803944819632533,B,ROIs_1
0.592936496053796,0.20730059460299521,A,ROIs_2
