x,y,phenotype,ROIs
0.976998298928199,0.8840004682632303,C,ROIs_1
0.8784218300122548,0.9902995672431215,B,ROIs_1
0.8785068089908878,0.1313320178973043,A,ROIs_1
0.3572714811730997,0.9415981820454783,B,ROIs_1
0.1993701712935979,0.4391159644449816,A,ROIs_2
0.13762200413009107,0.6347429142950928,B,ROIs_1
0.8107688439901094,0.019310917128785854,C,ROIs_2
0.486933290408877,0.38899174475286424,A,ROIs_1
0.8545086119550703,0.8593819999824615,A,ROIs_2
