x,y,phenotype,ROIs
0.05675564420792689,0.3595539162281225,A,ROIs_1
0.8831636694613682,0.7687635422520934,A,ROIs_1
0.9883556332589969,0.6637109528092123,A,ROIs_2
0.11941778243344592,0.2637000416270051,B,ROIs_2
0.4411296179329368,0.5575385567889346,C,ROIs_1
0.11014045361742852,0.7360559514286344,C,ROIs_1
0.7172131595254801,0.5391537503708411,A,ROIs_2
0.8133753767733404,0.5939935417923665,C,ROIs_2
0.46464378746558754,0.5993840702057758,B,ROIs_1
