x,y,phenotype,ROIs
0.07842708878065607,0.09658861241794747,B,ROIs_1
0.5120520975449213,0.3820248223539011,A,ROIs_1
0.7186139522772864,0.32640090614659567,B,ROIs_2
0.6431395032597225,0.014603976012598108,B,ROIs_1
0.9451080931630375,0.34458580680997375,C,ROIs_1
0.8920554338682958,0.9148469246103563,C,ROIs_2
0.6588830506816054,0.3881325821364998,A,ROIs_1
0.5784089395020394,0.8415794904760712,B,ROIs_1
0.128028660970125,0.10654320241429649,B,ROIs_1
0.6831310107374408,0.38783144561026395,C,ROIs_2
