x,y,phenotype,ROIs
0.4160923804798856,0.4901426700648108,C,ROIs_1
0.4538494513206578,0.7504668065501194,A,ROIs_1
0.6743610020009243,0.020349483923588152,A,ROIs_1
0.13133159844989406,0.9227775136418988,C,ROIs_2
0.10877637089387815,0.04733688454685492,B,ROIs_1
0.9638009265277315,0.29771730274289465,C,ROIs_2
