x,y,phenotype,ROIs
0.7814932952934558,0.8083689632745096,C,ROIs_1
0.8080726001678891,0.5824899720795347,A,ROIs_2
0.24175257401081973,0.4776861129037402,B,ROIs_1
0.8030341143408808,0.2189526574297127,A,ROIs_2
0.44279391062757956,0.6874867608335605,A,ROIs_1
0.3288944185821354,0.992739521163334,B,ROIs_2
