x,y,phenotype,ROIs
0.7428427599797425,0.040885319617742666,B,ROIs_2
0.9380812685688377,0.9775218880080436,A,ROIs_2
0.46566993285573566,0.29440091216196784,B,ROIs_2
0.3814164102326263,0.898770754334049,A,ROIs_1
0.2751608083795509,0.03880281720264189,B,ROIs_1
0.695391906376942,0.36249276551687915,B,ROIs_2
0.810937659223675,0.41959324981492785,B,ROIs_1
0.03135676220512906,0.9240221476490051,C,ROIs_2
0.5875064178999478,0.3514304546768161,A,ROIs_2
